{"cameraMode":{"drawMode":0,"name":"Shaded","section":"Shading Mode"},"sceneLighting":true,"audioPlay":false,"sceneViewState":{"showFog":true,"showMaterialUpdate":false,"showSkybox":true,"showFlares":true,"showImageEffects":true,"showParticleSystems":true},"in2DMode":false,"pivot":{"x":31.591140747070314,"y":-4.862612724304199,"z":49.42427062988281},"rotation":{"x":-0.18745797872543336,"y":-0.08773601055145264,"z":0.0165766142308712,"w":-0.978266716003418},"size":38.838382720947269,"orthographic":false}