{"cameraMode":{"drawMode":0,"name":"Shaded","section":"Shading Mode"},"sceneLighting":false,"audioPlay":false,"sceneViewState":{"showFog":true,"showMaterialUpdate":false,"showSkybox":false,"showFlares":true,"showImageEffects":true,"showParticleSystems":true},"in2DMode":false,"pivot":{"x":106.46418762207031,"y":11.274709701538086,"z":-9.358004570007325},"rotation":{"x":0.0007945421384647489,"y":-0.9991755485534668,"z":0.02279423363506794,"w":0.034776534885168079},"size":3.9890878200531008,"orthographic":false}