{"cameraMode":{"drawMode":0,"name":"Shaded","section":"Shading Mode"},"sceneLighting":false,"audioPlay":false,"sceneViewState":{"showFog":true,"showMaterialUpdate":false,"showSkybox":false,"showFlares":true,"showImageEffects":true,"showParticleSystems":true},"in2DMode":false,"pivot":{"x":-0.5439552068710327,"y":1.1611782312393189,"z":0.6385948061943054},"rotation":{"x":0.02579713612794876,"y":-0.02730860374867916,"z":0.0007283821469172835,"w":0.9993302226066589},"size":3.5057456493377687,"orthographic":false}