{"cameraMode":{"drawMode":0,"name":"Shaded","section":"Shading Mode"},"sceneLighting":false,"audioPlay":false,"sceneViewState":{"showFog":true,"showMaterialUpdate":false,"showSkybox":false,"showFlares":true,"showImageEffects":true,"showParticleSystems":true},"in2DMode":false,"pivot":{"x":-0.003474494442343712,"y":1.2223020792007447,"z":-0.8226813673973084},"rotation":{"x":-0.0013390621170401574,"y":0.9980340003967285,"z":-0.0587620846927166,"w":-0.023342391476035119},"size":4.015115737915039,"orthographic":false}